brand_name,salt_composition,strength,dosage_form,manufacturer,pack_size,mrp,rx_required
Alprax 1mg Tablet SR,Alprazolam,1mg,Tablet,Torrent Pharmaceuticals Ltd,strip of 15 tablet sr,125.75,true
Aristocillin 250mg Syrup,Ampicillin,250mg,Syrup,Aristo Pharmaceuticals Pvt Ltd,bottle of 30 ml Syrup,19.53,true
Arvast CV 20mg/75mg Capsule,Rosuvastatin + Clopidogrel,20mg + 75mg,Capsule,Intas Pharmaceuticals Ltd,strip of 10 capsules,217.0,true
Arvast Gold 75mg/20mg/75mg Capsule,Aspirin + Rosuvastatin,75mg + 20mg,Capsule,Intas Pharmaceuticals Ltd,strip of 10 capsules,225.0,true
Asomex-D Tablet,Amlodipine + Hydrochlorothiazide,2.5mg + 12.5mg,Tablet,Emcure Pharmaceuticals Ltd,strip of 15 tablets,126.15,true
Aziwok 100mg/5ml Dry Syrup,Azithromycin,100mg/5ml,Syrup,Dr Reddy's Laboratories Ltd,bottle of 1 ml Dry Syrup,26.93,true
Aztor Asp 75 Capsule,Atorvastatin + Aspirin,10mg + 75mg,Capsule,Sun Pharmaceutical Industries Ltd,strip of 10 capsules,38.5,true
Bendex Plus Tablet,Ivermectin + Albendazole,6mg + 400mg,Tablet,Cipla Ltd,strip of 1 Tablet,24.0,true
Betaone CG Ointment,Beclometasone + Neomycin,0.025% w/w + 0.1% w/w,Ointment,Biochem Pharmaceutical Industries,tube of 10 gm Ointment,73.2,false
Bigomet 250 Tablet,Metformin,250mg,Tablet,Aristo Pharmaceuticals Pvt Ltd,strip of 10 tablets,10.25,true
Britzilam 25 Tablet,Brivaracetam,25mg,Tablet,Torrent Pharmaceuticals Ltd,strip of 14 tablets,136.9,false
Candid-B Cream,Beclometasone + Clotrimazole,0.025% w/w + 1% w/w,Cream,Glenmark Pharmaceuticals Ltd,tube of 5 gm Cream,53.0,false
Candid-V Gel,Clotrimazole,2% w/w,Gel,Glenmark Pharmaceuticals Ltd,tube of 30 gm Vaginal gel,122.0,false
Canditral SB 65 Capsule,Itraconazole,65mg,Capsule,Glenmark Pharmaceuticals Ltd,strip of 10 capsules,140.0,true
Cardivas CR 40 Tablet,Carvedilol,40mg,Tablet,Sun Pharmaceutical Industries Ltd,strip of 10 tablet er,213.0,true
Caverta 25 Tablet,Sildenafil,25mg,Tablet,Sun Pharmaceutical Industries Ltd,strip of 4 tablets,169.0,true
Cefiwok OZ 200 mg/500 mg Tablet,Cefixime + Ornidazole,200mg + 500mg,Tablet,Dr Reddy's Laboratories Ltd,strip of 10 tablets,164.5,true
Cefoclav 50 Dry Syrup,Cefpodoxime Proxetil + Clavulanic Acid,50mg + 31.25mg,Suspension,Medley Pharmaceuticals,bottle of 30 ml Oral Suspension,85.0,true
Cheston Cold DS Syrup Tangy & Sweet Orange Flavour,Cetirizine + Paracetamol,,Syrup,Cipla Ltd,bottle of 60 ml Syrup,79.5,false
Chupp Soft Gelatin Capsule,Guaifenesin + Terbutaline,450mg + 8mg,Capsule,Abbott,strip of 10 soft gelatin capsules,30.77,false
Clindac AP Gel,Adapalene + Clindamycin,0.1% w/w + 1% w/w,Gel,Alkem Laboratories Ltd,tube of 15 gm Gel,300.0,true
Clofranil 75mg Tablet SR,Clomipramine,75mg,Tablet,Sun Pharmaceutical Industries Ltd,strip of 10 Tablet pr,178.3,false
Corbis 5 Tablet,Bisoprolol,5mg,Tablet,Torrent Pharmaceuticals Ltd,strip of 15 tablets,101.75,true
Criticold Plus Syrup,Chlorpheniramine Maleate + Paracetamol,2mg/5ml + 250mg/5ml,Syrup,Leeford Healthcare Ltd,bottle of 60 ml Syrup,85.0,false
Dapefy-S 5/50 Tablet,Dapagliflozin + Sitagliptin,5mg + 50mg,Tablet,Sun Pharmaceutical Industries Ltd,strip of 15 tablets,240.0,true
Deplatt-AV 10 Capsule,Atorvastatin + Clopidogrel,10mg + 75mg,Capsule,Torrent Pharmaceuticals Ltd,strip of 10 capsules,140.55,true
Eldeflox TZ Syrup,Ofloxacin + Tinidazole,50mg/5ml + 150mg/5ml,Syrup,Elder Pharmaceuticals Ltd,bottle of 30 ml Syrup,38.0,true
Elpod CV Syrup,Cefpodoxime Proxetil + Clavulanic Acid,,Syrup,Elder Pharmaceuticals Ltd,bottle of 30 ml Syrup,60.0,true
Emprogest 200mg Injection,Progesterone (Natural Micronized),200mg,Injection,Emcure Pharmaceuticals Ltd,vial of 2 ml Injection,123.81,true
Endogest 400 SR Tablet,Progesterone (Natural Micronized),400mg,Tablet,Cipla Ltd,strip of 10 tablet sr,673.68,true
Enzomac Tablet,Bromelain + Trypsin,90mg + 48mg,Tablet,Macleods Pharmaceuticals Pvt Ltd,strip of 15 tablets,371.8,false
Farobact 200 Tablet,Faropenem,200mg,Tablet,Cipla Ltd,strip of 6 tablets,630.28,false
Flocy Drop,Ciprofloxacin,0.3% w/v,Drops,Sun Pharmaceutical Industries Ltd,packet of 10 ml Drop,13.82,true
Formic Neo 125 mg/62.5 mg Injection,Ceftriaxone + Sulbactam,125mg + 62.5mg,Injection,Elder Pharmaceuticals Ltd,vial of 10 ml Injection,36.5,true
G Cin A 320mg Tablet,Gemifloxacin,320mg,Tablet,Lupin Ltd,strip of 5 tablets,130.0,false
Gabanyl 300 Capsule,Gabapentin,300mg,Capsule,Leeford Healthcare Ltd,strip of 10 capsules,95.0,true
Gabator 300 Tablet,Gabapentin,300mg,Tablet,Torrent Pharmaceuticals Ltd,strip of 10 tablets,229.15,true
Gemer Forte 2 Tablet PR,Glimepiride + Metformin,2mg + 850mg,Tablet,Sun Pharmaceutical Industries Ltd,strip of 10 Tablet pr,133.0,true
Gercip Eye/Ear Drops,Ciprofloxacin,,Drops,Zydus Cadila,packet of 10 ml Eye/Ear Drops,7.21,true
Gluconorm P 30 mg/500 mg Tablet ER,Pioglitazone + Metformin,30mg + 500mg,Tablet,Lupin Ltd,strip of 10 tablet er,119.0,true
Gluvilda D 5 Tablet SR,Dapagliflozin + Vildagliptin,5mg + 100mg,Tablet,Alkem Laboratories Ltd,strip of 10 tablet sr,165.0,true
Glycomet-GP 1 Forte Tablet SR,Glimepiride + Metformin,1mg + 1000mg,Tablet,USV Ltd,strip of 10 tablet sr,86.5,true
Graftin 25mg Capsule,Ciclosporin,25mg,Capsule,Sun Pharmaceutical Industries Ltd,strip of 5 capsules,166.27,false
Haldol 2.5mg Tablet,Haloperidol,2.5mg,Tablet,East West Pharma,strip of 10 tablets,21.08,true
Hexidol 5 Tablet,Haloperidol,5mg,Tablet,Torrent Pharmaceuticals Ltd,strip of 10 tablets,33.49,true
Hopace 10 Tablet,Ramipril,10mg,Tablet,Micro Labs Ltd,strip of 10 tablets,185.0,true
Inditel D Capsule SR,Telmisartan + Indapamide,40mg + 1.5mg,Capsule,Zydus Cadila,strip of 10 capsule sr,202.6,true
Intagesic 75mg Injection,Diclofenac,75mg,Injection,Intas Pharmaceuticals Ltd,vial of 1 ml Injection,20.5,true
Ivabid OD 10 Tablet,Ivabradine,10mg,Tablet,Abbott,strip of 10 Tablet pr,384.99,false
Juflox 300mg Tablet,Ofloxacin,300mg,Tablet,Medicross Pharmaceuticals,strip of 10 tablets,69.0,true
Kufftas Syrup,Guaifenesin + Terbutaline,50mg + 1.25mg,Syrup,Intas Pharmaceuticals Ltd,bottle of 100 ml Syrup,42.0,false
Losar-Beta Tablet,Atenolol + Losartan,50mg + 50mg,Tablet,Torrent Pharmaceuticals Ltd,strip of 10 tablets,138.65,true
Luliford Medicated Soap,Luliconazole,1% w/w,Soap,Leeford Healthcare Ltd,box of 75 gm Soap,150.0,true
Lupactin 2mg Tablet,Cyproheptadine,2mg,Tablet,Lupin Ltd,strip of 10 tablets,10.67,false
Macrozide 750 Tablet,Pyrazinamide,750mg,Tablet,Macleods Pharmaceuticals Pvt Ltd,strip of 10 tablets,78.15,true
Mahacef-Plus 100 Tablet,Cefixime + Ofloxacin,100mg + 100mg,Tablet,Mankind Pharma Ltd,strip of 10 tablets,105.0,true
Mahacort DZ 1mg Tablet,Deflazacort,1mg,Tablet,Mankind Pharma Ltd,strip of 10 tablets,9.9,true
Mega-CV Drops,Amoxycillin + Clavulanic Acid,80mg + 11.4mg,Suspension,Aristo Pharmaceuticals Pvt Ltd,packet of 10 ml Oral Suspension,69.45,true
Melzap MD 0.25 Tablet,Clonazepam,0.25mg,Tablet,Alkem Laboratories Ltd,strip of 10 tablet md,20.38,true
Merosure O ER 300 Tablet,Faropenem,300mg,Tablet,Alkem Laboratories Ltd,strip of 6 tablet er,675.0,false
Monotrate OD Tablet PR,Isosorbide Mononitrate,50mg,Tablet,Sun Pharmaceutical Industries Ltd,strip of 10 Tablet pr,135.0,true
Monotrate SR 30 Tablet,Isosorbide Mononitrate,30mg,Tablet,Sun Pharmaceutical Industries Ltd,strip of 10 Tablet pr,60.8,true
Montral Kid Syrup,Levocetirizine + Montelukast,2.5mg/5ml + 5mg/5ml,Syrup,Micro Labs Ltd,bottle of 30 ml Syrup,29.5,true
Mosart-OD Tablet,Mesalazine,1200mg,Tablet,Cadila Pharmaceuticals Ltd,strip of 10 tablets,288.0,true
Movexx Plus Syrup,Aceclofenac + Paracetamol,50mg/5ml + 125mg/5ml,Syrup,Cipla Ltd,bottle of 60 ml Syrup,14.22,false
Moxinta Clav Duo Oral Suspension,Amoxycillin + Clavulanic Acid,200mg + 28.5mg,Suspension,Intas Pharmaceuticals Ltd,bottle of 30 ml Oral Suspension,60.0,true
Moxywil CL Dry Syrup,Amoxycillin + Clavulanic Acid,200mg/5ml + 28.5mg/5ml,Syrup,Zee Laboratories,bottle of 30 ml Dry Syrup,76.0,true
Novamox 250 Capsule,Amoxycillin,250mg,Capsule,Cipla Ltd,strip of 15 capsules,41.16,true
Oflatoon DS 200mg Syrup,Ofloxacin,200mg,Syrup,Zydus Cadila,bottle of 30 ml Syrup,59.17,true
Oflokem OZ Infusion,Ofloxacin + Ornidazole,200mg + 500mg,Injection,Alkem Laboratories Ltd,bottle of 100 ml Infusion,135.0,true
Oflomac Oral Solution,Ofloxacin,50mg/5ml,Solution,Macleods Pharmaceuticals Pvt Ltd,bottle of 30 ml Oral Solution,39.6,true
Olmezest CH 80mg Tablet,Olmesartan Medoxomil,80mg,Tablet,Sun Pharmaceutical Industries Ltd,strip of 10 tablets,138.1,true
Olvance H 50mg Tablet,Olmesartan Medoxomil,50mg,Tablet,Sun Pharmaceutical Industries Ltd,strip of 10 tablets,123.0,true
Pacinova 1000mg Tablet,Paracetamol,1000mg,Tablet,Ikon Remedies Pvt Ltd,strip of 10 tablets,49.5,false
Pantocid 20 Tablet,Pantoprazole,20mg,Tablet,Sun Pharmaceutical Industries Ltd,strip of 15 tablets,115.0,true
Petril Beta 10 Tablet,Clonazepam + Propranolol,0.25mg + 10mg,Tablet,Micro Labs Ltd,strip of 10 tablets,45.0,true
Pregalin 200mg Capsule,Pregabalin,200mg,Capsule,Torrent Pharmaceuticals Ltd,strip of 10 capsules,196.0,true
Rablet IT Capsule PR,Rabeprazole + Itopride,20mg + 150mg,Capsule,Lupin Ltd,strip of 10 capsule pr,269.5,true
Regan 2mg Tablet,Repaglinide,2mg,Tablet,Sun Pharmaceutical Industries Ltd,strip of 10 tablets,80.01,true
Ropark 6mg Tablet XL,Ropinirole,6mg,Tablet,Sun Pharmaceutical Industries Ltd,strip of 10 tablet xl,88.88,true
Rozucor D 20 mg/1000 IU Tablet,Rosuvastatin + Vitamin D3,20mg + 1000IU,Tablet,Torrent Pharmaceuticals Ltd,strip of 10 tablets,280.0,true
RT Cef 125mg Tablet,Cefadroxil,125mg,Tablet,Alkem Laboratories Ltd,strip of 10 tablets,20.43,true
Seroace Forte Tablet,Serratiopeptidase,,Tablet,Elder Pharmaceuticals Ltd,strip of 10 tablets,95.0,false
Serta 100 Tablet,Sertraline,100mg,Tablet,Torrent Pharmaceuticals Ltd,strip of 15 tablets,312.4,true
Sitaxa M 50mg/1000mg Tablet,Sitagliptin + Metformin,50mg + 1000mg,Tablet,Torrent Pharmaceuticals Ltd,strip of 10 tablets,385.0,true
Strox Eye Drop,Ciprofloxacin,,Drops,Alembic Pharmaceuticals Ltd,packet of 10 ml Eye Drop,6.93,true
Supirocin Cream,Mupirocin,2% w/w,Cream,Glenmark Pharmaceuticals Ltd,tube of 10 gm Cream,213.5,false
Tacrotor 0.5mg Capsule,Tacrolimus,0.5mg,Capsule,Torrent Pharmaceuticals Ltd,strip of 10 capsules,202.65,true
Tear Drops,Carboxymethylcellulose,5mg/ml,Drops,Sun Pharmaceutical Industries Ltd,bottle of 10 ml Eye Drop,158.7,false
Terol 1mg Tablet,Tolterodine,1mg,Tablet,Cipla Ltd,strip of 10 tablets,55.25,false
Thyrox 200 Tablet,Thyroxine,200mcg,Tablet,Macleods Pharmaceuticals Pvt Ltd,bottle of 100 tablets,289.3,true
Tide 10 Tablet,Torasemide,10mg,Tablet,Torrent Pharmaceuticals Ltd,strip of 10 tablets,63.15,true
Tolaz DT 2.5 Tablet,Olanzapine,2.5mg,Tablet,Torrent Pharmaceuticals Ltd,strip of 10 tablet dt,31.3,true
Tripod 200mg Dry Syrup,Cefpodoxime Proxetil,200mg,Syrup,Trikut Humanities Bio Science Pvt Ltd,bottle of 30 ml Dry Syrup,72.0,true
Tsart MCL 25 Tablet ER,Cilnidipine + Metoprolol Succinate,10mg + 23.75mg,Tablet,Alkem Laboratories Ltd,strip of 10 tablet er,119.62,true
Winolap 5 Tablet,Olopatadine,5mg,Tablet,Sun Pharmaceutical Industries Ltd,strip of 10 tablets,125.0,false
Zefcort 6 Tablet,Deflazacort,6mg,Tablet,Leeford Healthcare Ltd,strip of 6 tablets,60.0,true
Zisper Forte Tablet,Risperidone + Trihexyphenidyl,4mg + 2mg,Tablet,Torrent Pharmaceuticals Ltd,strip of 10 tablets,108.25,true
Zoryl-M4 Tablet PR,Glimepiride + Metformin,4mg + 500mg,Tablet,Intas Pharmaceuticals Ltd,strip of 15 Tablet pr,327.0,true
Zoryl-MF 2 Tablet PR,Glimepiride + Metformin,2mg + 850mg,Tablet,Intas Pharmaceuticals Ltd,strip of 10 Tablet pr,102.0,true
